{
"Configuration.h" : [
  {
    "op": "CustomVal",
    "searchfor": "TEMP_SENSOR_0",
    "value": "13",
    "comment": "100k Hisens 3950 1% up to 300 Celcius"
  },
  {
    "op": "CustomVal",
    "searchfor": "HEATER_0_MINTEMP",
    "value": "5",
    "comment": "100k Hisens 3950 1% up to 300 Celcius"
  },
  {
    "op": "CustomVal",
    "searchfor": "HEATER_0_MAXTEMP",
    "value": "300",
    "comment": "100k Hisens 3950 1% up to 300 Celcius"
  }
],
"Configuration_adv.h" : [
],
"Version.h" : [
]   
}