{
"Configuration.h" : [
  {
    "op": "CustomVal",
    "searchfor": "MOTHERBOARD",
    "value": "BOARD_CREALITY_V24S1_301",
    "comment": "Board v301"
  },
  {
    "op": "CustomVal",
    "searchfor": "SERIAL_PORT",
    "value": "1",
    "comment": "Ender Configs"
  },
  {
    "op": "CustomVal",
    "searchfor": "X_DRIVER_TYPE",
    "value": "TMC2208_STANDALONE",
    "comment": "Ender Configs"
  },
  {
    "op": "CustomVal",
    "searchfor": "Y_DRIVER_TYPE",
    "value": "TMC2208_STANDALONE",
    "comment": "Ender Configs"
  },
  {
    "op": "CustomVal",
    "searchfor": "Z_DRIVER_TYPE",
    "value": "TMC2208_STANDALONE",
    "comment": "Ender Configs"
  },
  {
    "op": "CustomVal",
    "searchfor": "E0_DRIVER_TYPE",
    "value": "TMC2208_STANDALONE",
    "comment": "Ender Configs"
  },
  {
    "op": "CustomVal",
    "searchfor": "FIL_RUNOUT_STATE",
    "value":"HIGH",
    "comment": "Board v301 Configs"
  },
  {
    "op": "Disable",
    "searchfor": "FIL_RUNOUT_PULLUP",
    "comment": "Board v301 Configs"
  },
  {
    "op": "Enable",
    "searchfor": "FIL_RUNOUT_PULLDOWN",
    "comment": "Board v301 Configs"
  },
  {
    "op": "Disable",
    "searchfor": "ENDSTOPPULLUPS",
    "comment": "Board v301 Configs"
  },
  {
    "op": "Enable",
    "searchfor": "ENDSTOPPULLUP_ZMIN",
    "comment": "Board v301 Configs"
  },
  {
    "op": "Enable",
    "searchfor": "ENDSTOPPULLUP_ZMIN_PROBE",
    "comment": "Board v301 Configs"
  },
  {
    "op": "CustomVal",
    "searchfor": "X_MIN_ENDSTOP_HIT_STATE",
    "value": "LOW",
    "comment": "Board v301 Configs"
  },
  {
    "op": "CustomVal",
    "searchfor": "Y_MIN_ENDSTOP_HIT_STATE",
    "value":"LOW",
    "comment": "Board v301 Configs"
  },
  {
    "op": "CustomVal",
    "searchfor": "Z_MIN_ENDSTOP_HIT_STATE",
    "value": "HIGH",
    "comment": "Board v301 Configs"
  },
  {
    "op": "CustomVal",
    "searchfor": "NEOPIXEL_PIN",
    "value": "PA13"
  }
],
"Configuration_adv.h" : [
  {
    "op": "CustomVal",
    "searchfor": "E0_AUTO_FAN_PIN",
    "value": "FAN1_PIN",
    "comment": "Board v301 Configs"
  },
  {
    "op": "CustomVal",
    "searchfor": "CHOPPER_TIMING",
    "value": "CHOPPER_DEFAULT_24V",
    "comment": "MRiscoC Correct value for UART mode drivers"
  },
  {
    "op": "Disable",
    "searchfor": "BINARY_FILE_TRANSFER"
  }
],
"Version.h" : [
],   
"platformio.ini" : [
  {
    "op": "Replace",
    "searchfor": "default_envs = mega2560",
    "value": "default_envs = STM32F103RC_creality"
  }
]   
}