{
"Configuration.h" : [
  {
    "op": "InsertAfter",
    "searchfor": "#pragma once",
    "newline": "\n// Created by configs generator for Professional firmware\n// https://github.com/mriscoc/Ender3V2S1"
  },
  {
    "op": "Custom",
    "searchfor": "STRING_CONFIG_H_AUTHOR",
    "mask" : "\".*\"",
    "value": "\"Miguel Risco-Castillo (MRiscoC)\""
  },
  {
    "op": "Enable",
    "searchfor": "CUSTOM_VERSION_FILE"
  },
  {
    "op": "InsertAfter",
    "searchfor": "#define SERIAL_PORT",
    "newline": "#define NO_AUTO_ASSIGN_WARNING  // Disable serial warnings"
  },
  {
    "op": "CustomVal",
    "searchfor": "BAUDRATE",
    "value": "250000",
    "comment": "MRiscoC increase serial performace"
  },
  {
    "op": "Enable",
    "searchfor": "BAUD_RATE_GCODE",
    "comment": "MRiscoC Enables change the baudrate"
  },
  {
    "op": "Enable",
    "searchfor": "PIDTEMPBED",
    "comment": "Ender Configs"
  },
  {
    "op": "Enable",
    "searchfor": "PID_AUTOTUNE_MENU",
    "comment": "Ender Configs"
  },
  {
    "op": "Enable",
    "searchfor": "PID_EDIT_MENU",
    "comment": "Ender Configs"
  },
  {
    "op": "CustomVal",
    "searchfor": "EXTRUDE_MINTEMP",
    "value": "180",
    "comment": "MRiscoC Customizable by menu"
  },
  {
    "op": "CustomVal",
    "searchfor": "EXTRUDE_MAXLENGTH",
    "value": "1000",
    "comment": "Ender Configs"
  },
  {
    "op": "Disable",
    "searchfor": "THERMAL_PROTECTION_CHAMBER"
  },
  {
    "op": "Disable",
    "searchfor": "THERMAL_PROTECTION_COOLER"
  },
  {
    "op": "Enable",
    "searchfor": "ENDSTOP_INTERRUPTS_FEATURE",
    "comment": "Ender Configs"
  },
  {
    "op": "InsertAfter",
    "searchfor": "#define DEFAULT_AXIS_STEPS_PER_UNIT",
    "newline": "\n#define LIMITED_MAX_STEPS_EDITING\n#if ENABLED(LIMITED_MAX_STEPS_EDITING)\n  #define MAX_STEPS_EDIT_VALUES       { 200, 200, 2000, 2000 }\n#endif"
  },
  {
    "op": "Custom",
    "searchfor": "DEFAULT_MAX_FEEDRATE",
    "mask": "{.*}",
    "value":"{ 500, 500, 10, 45 }"
  },
  {
    "op": "InsertAfter",
    "searchfor": "#define DEFAULT_MAX_FEEDRATE",
    "newline": "\n#define DEFAULT_FEEDRATE_MM_M (50*60)"
  },
  {
    "op": "Enable",
    "searchfor": "LIMITED_MAX_FR_EDITING",
    "comment": "MRiscoC allows higher limits"
  },
  {
    "op": "Custom",
    "searchfor": "MAX_FEEDRATE_EDIT_VALUES",
    "mask": "{.*}",
    "value":"{ 3000, 3000, 80, 200 }",
    "comment": "MRiscoC allows higher limits"
  },
  {
    "op": "Custom",
    "searchfor": "DEFAULT_MAX_ACCELERATION",
    "mask": "{.*}",
    "value":"{ 500, 500, 100, 1000 }",
    "comment": "Ender Configs"
  },
  {
    "op": "Enable",
    "searchfor": "LIMITED_MAX_ACCEL_EDITING",
    "comment": "MRiscoC allows higher limits"
  },
  {
    "op": "Custom",
    "searchfor": "MAX_ACCEL_EDIT_VALUES",
    "mask": "{.*}",
    "value":"{ 9999, 9999, 999, 9999 }",
    "comment": "MRiscoC allows higher limits"
  },
  {
    "op": "CustomVal",
    "searchfor": "DEFAULT_ACCELERATION",
    "value": "500",
    "comment": "Ender Configs"
  },
  {
    "op": "CustomVal",
    "searchfor": "DEFAULT_RETRACT_ACCELERATION",
    "value": "800",
    "comment": "Ender Configs"
  },
  {
    "op": "CustomVal",
    "searchfor": "DEFAULT_TRAVEL_ACCELERATION",
    "value": "1000",
    "comment": "Ender Configs"
  },
  {
    "op": "Enable",
    "searchfor": "CLASSIC_JERK",
    "comment": "Ender Configs"
  },
  {
    "op": "Enable",
    "searchfor": "LIMITED_JERK_EDITING",
    "comment": "Ender Configs"
  },
  {
    "op": "Custom",
    "searchfor": "MAX_JERK_EDIT_VALUES",
    "mask": "{.*}",
    "value":"{ 20, 20, 1, 20 }",
    "comment": "MRiscoC allows higher limits"
  },
  {
    "op": "Enable",
    "searchfor": "S_CURVE_ACCELERATION",
    "comment": "MRiscoC Enabled"
  },
  {
    "op": "CustomVal",
    "searchfor": "PROBING_MARGIN",
    "value": "10",
    "comment": "MRiscoC Avoid clips on borders"
  },
  {
    "op": "Custom",
    "searchfor": "XY_PROBE_FEEDRATE",
    "mask": "\\([0-9,*]+\\)",
    "value":"(200*60)",
    "comment": "MRiscoC increase travel speed between probes"
  },
  {
    "op": "Custom",
    "searchfor": "Z_PROBE_FEEDRATE_FAST",
    "mask": "\\([0-9,*]+\\)",
    "value":"(16*60)",
    "comment": "MRiscoC increase probe Z speed"
  },
  {
    "op": "CustomVal",
    "searchfor": "PROBE_OFFSET_XMIN",
    "value": "-100",
    "comment": "MRiscoC increase compatibility with some extruder/probe combinations"
  },
  {
    "op": "CustomVal",
    "searchfor": "PROBE_OFFSET_XMAX",
    "value": "100",
    "comment": "MRiscoC increase compatibility with some extruder/probe combinations"
  },
  {
    "op": "CustomVal",
    "searchfor": "PROBE_OFFSET_YMIN",
    "value": "-100",
    "comment": "MRiscoC increase compatibility with some extruder/probe combinations"
  },
  {
    "op": "CustomVal",
    "searchfor": "PROBE_OFFSET_YMAX",
    "value": "100",
    "comment": "MRiscoC increase compatibility with some extruder/probe combinations"
  },
  {
    "op": "Enable",
    "searchfor": "HOME_AFTER_DEACTIVATE",
    "comment": "MRiscoC Enabled for safety"
  },
  {
    "op": "CustomVal",
    "searchfor": "Z_CLEARANCE_FOR_HOMING",
    "value": "10",
    "comment": "MRiscoC Crearance over the bed"
  },
  {
    "op": "CustomVal",
    "searchfor": "Z_AFTER_HOMING",
    "value": "5",
    "comment": "MRiscoC Crearance over the bed"
  },
  {
    "op": "Disable",
    "searchfor": "Z_CLEARANCE_FOR_HOMING"
  },
  {
    "op": "Disable",
    "searchfor": "Z_AFTER_HOMING"
  },
  {
    "op": "Enable",
    "searchfor": "FILAMENT_RUNOUT_SENSOR",
    "comment": "MRiscoC Enabled runout sensor support"
  },
  {
    "op": "CustomVal",
    "searchfor": "FIL_RUNOUT_ENABLED_DEFAULT",
    "value": "false"
  },
  {
    "op": "Enable",
    "searchfor": "PREHEAT_BEFORE_LEVELING",
    "comment": "MRiscoC Heatting to compensate thermal expansions"
  },
  {
    "op": "CustomVal",
    "searchfor": "GRID_MAX_POINTS_X",
    "value": "5",
    "comment": "MRiscoC Customizable by menu"
  },
  {
    "op": "Disable",
    "searchfor": "EXTRAPOLATE_BEYOND_GRID",
    "comment": "MRiscoC Disabled for better accuracy at edges"
  },
  {
    "op": "Enable",
    "searchfor": "LCD_BED_TRAMMING",
    "comment": "ProUI has a bed tramming menu"
  },
  {
    "op": "CustomVal",
    "searchfor": "BED_TRAMMING_Z_HOP",
    "value":"5.0"
  },
  {
    "op": "Custom",
    "searchfor": "HOMING_FEEDRATE_MM_M",
    "mask": "{.*}",
    "value":"{ (50*60), (50*60), (10*60) }",
    "comment": "MRiscoC Homing speed-up"
  },
  {
    "op": "Enable",
    "searchfor": "EEPROM_SETTINGS",
    "comment": "Ender Configs"
  },
  {
    "op": "Enable",
    "searchfor": "EEPROM_AUTO_INIT",
    "comment": "Ender Configs"
  },
  {
    "op": "Enable",
    "searchfor": "EEPROM_INIT_NOW",
    "comment": "MRiscoC Reset EEPROM on first boot"
  },
  {
    "op": "CustomVal",
    "searchfor": "PREHEAT_1_TEMP_HOTEND",
    "value": "195"
  },
  {
    "op": "CustomVal",
    "searchfor": "PREHEAT_1_TEMP_BED",
    "value": "60"
  },
  {
    "op": "CustomVal",
    "searchfor": "PREHEAT_1_FAN_SPEED",
    "value": "128"
  },
  {
    "op": "CustomVal",
    "searchfor": "PREHEAT_2_TEMP_HOTEND",
    "value": "240"
  },
  {
    "op": "CustomVal",
    "searchfor": "PREHEAT_2_TEMP_BED",
    "value": " 90"
  },
  {
    "op": "CustomVal",
    "searchfor": "PREHEAT_2_FAN_SPEED",
    "value": "128"
  },
  {
    "op": "InsertAfter",
    "searchfor": "#define PREHEAT_2_FAN_SPEED",
    "newline": "\n#define PREHEAT_3_LABEL       \"PETG\"\n#define PREHEAT_3_TEMP_HOTEND 230\n#define PREHEAT_3_TEMP_BED     80\n#define PREHEAT_3_FAN_SPEED   128\n\n#define PREHEAT_4_LABEL       \"CUSTOM\"\n#define PREHEAT_4_TEMP_HOTEND 190\n#define PREHEAT_4_TEMP_BED     50\n#define PREHEAT_4_FAN_SPEED   128"
  },
  {
    "op": "Enable",
    "searchfor": "NOZZLE_PARK_FEATURE",
    "comment": "MRiscoC Enabled"
  },
  {
    "op": "CustomVal",
    "searchfor": "NOZZLE_PARK_Z_RAISE_MIN",
    "value": "0",
    "comment": "MRiscoC uses Park Z Raise from 0 to avoid backlash issues"
  },
  {
    "op": "Enable",
    "searchfor": "PRINTCOUNTER",
    "comment": "MRiscoC Enable Print Statistics"
  },
  {
    "op": "Enable",
    "searchfor": "SDSUPPORT",
    "comment": "Ender Configs"
  },
  {
    "op": "CustomVal",
    "searchfor": "ENCODER_PULSES_PER_STEP",
    "value": "4",
    "comment": "Ender Configs"
  },
  {
    "op": "CustomVal",
    "searchfor": "ENCODER_STEPS_PER_MENU_ITEM",
    "value": "1",
    "comment": "Ender Configs"
  },
  {
    "op": "Enable",
    "searchfor": "INDIVIDUAL_AXIS_HOMING_SUBMENU"
  },
  {
    "op": "CustomVal",
    "searchfor": "LCD_FEEDBACK_FREQUENCY_DURATION_MS",
    "value": "2",
    "comment": "Ender Configs"
  },
  {
    "op": "CustomVal",
    "searchfor": "LCD_FEEDBACK_FREQUENCY_HZ",
    "value": "5000",
    "comment": "Ender Configs"
  },
  {
    "op": "Enable",
    "searchfor": "DWIN_LCD_PROUI"
  },
  {
    "op": "InsertAfter",
    "searchfor": "#define DWIN_LCD_PROUI",
    "newline": "#define USE_STOCK_DWIN_SET\n\n// Professional firmware features:"
  },
  {
    "op": "InsertAfter",
    "searchfor": "// Professional firmware features:",   
    "newline": "#define HAS_SD_EXTENDER 1\n#define CCLOUD_PRINT_SUPPORT\n#define ZHOME_BEFORE_LEVELING\n#define SMOOTH_ENCODER_MENUITEMS\n"
  },
  {
    "op": "InsertAfter",
    "searchfor": "// Professional firmware features:",   
    "newline": "#if ENABLED(DWIN_LCD_PROUI)\n  #if PROUI_EX\n    #if ENABLED(LCD_BED_TRAMMING)\n      #define HAS_TRAMMING_WIZARD 1\n    #endif\n    #define HAS_GCODE_PREVIEW 1\n    #define HAS_TOOLBAR 1\n  #endif\n  #define HAS_CUSTOM_COLORS 1\n  #define HAS_CUSTOM_COLORS_MENU 1\n  #define HAS_PLOT 1\n  #define HAS_ESDIAG 1\n  #define HAS_LOCKSCREEN 1\n  #define MESH_EDIT_MENU\n  #define PREVIEW_MENU_ITEM    // Allows enable/disable Thumbnail preview via menu and C250\n  #define SHOW_REAL_POS        // Display the real axes position in cartesian printers\n  #define ACTIVATE_MESH_ITEM   // Allows temporary enabling of mesh leveling\n  #define RUNOUT_TUNE_ITEM     // Allows enable/disable the run out filament sensor while printing\n  #define PLR_TUNE_ITEM        // Allows enable/disable the power lost recovery while printing\n  #define JD_TUNE_ITEM         // Enable only if Juntion Deviation is enabled\n  #define ADVK_TUNE_ITEM       // Enable only if Linear Advance is enabled\n  #define MEDIASORT_MENU_ITEM  // Allows enable/disable file list sorting\n  #define SHOW_SPEED_IND       // Show the axes speed in mm/s intermittently with the speed percentage\n  #define NO_BLINK_IND         // Disables dashboard icon background blink indicator\n#endif\n  #define ZOFFSET_SAVE_SETTINGS // Saves settings after changing the z-offset via the menu"
  },
  {
    "op": "InsertAfter",
    "searchfor": "// Professional firmware features:",   
    "newline": "#define PROUI_EX 1\n#if PROUI_EX\n  #if ENABLED(FILAMENT_RUNOUT_SENSOR)\n    #define HAS_PROUI_RUNOUT_SENSOR 1\n  #endif\n  #if ENABLED(EXTRUDERS)\n    #define HAS_PROUI_MAXTEMP 1\n  #endif\n  #define HAS_CGCODE 1\n  #define DEF_PROBEZFIX 0\n#endif"
  },
  {
    "op": "Disable",
    "searchfor": "ZOFFSET_SAVE_SETTINGS"
  },
  {
    "op": "Disable",
    "searchfor": "NO_BLINK_IND"
  },
  {
    "op": "Disable",
    "searchfor": "HAS_SD_EXTENDER",
    "comment": "Enable to support SD card extender cables"
  },
  {
    "op": "Disable",
    "searchfor": "PREVIEW_MENU_ITEM"
  },
  {
    "op": "Disable",
    "searchfor": "ACTIVATE_MESH_ITEM"
  },
  {
    "op": "Disable",
    "searchfor": "JD_TUNE_ITEM"
  },
  {
    "op": "Disable",
    "searchfor": "ADVK_TUNE_ITEM"
  },
  {
    "op": "Disable",
    "searchfor": "MEDIASORT_MENU_ITEM"
  },
  {
    "op": "Disable",
    "searchfor": "CCLOUD_PRINT_SUPPORT",
    "comment": "Allows enable/disable Creality Cloud Print Support"
  },
  {
    "op": "Disable",
    "searchfor": "SMOOTH_ENCODER_MENUITEMS",
    "comment": "Menu items value faster/smooth change rate"
  },
  {
    "op": "Enable",
    "searchfor": "FAN_SOFT_PWM",
    "comment": "Ender Configs"
  }
],
"Configuration_adv.h" : [
  {
    "op": "InsertAfter",
    "searchfor": "#pragma once",
    "newline": "\n// Created by configs generator for Professional firmware\n// https://github.com/mriscoc/Ender3V2S1"
  }, 
  {
    "op": "CustomVal",
    "searchfor": "WATCH_TEMP_PERIOD",
    "value": "40",
    "comment": "Ender Configs"
  },
  {
    "op": "CustomVal",
    "searchfor": "THERMAL_PROTECTION_BED_PERIOD",
    "value": "180",
    "comment": "Ender Configs"
  },
  {
    "op": "CustomVal",
    "searchfor": "WATCH_BED_TEMP_PERIOD",
    "value": "180",
    "comment": "Ender Configs"
  },
  {
    "op": "Enable",
    "searchfor": "HOTEND_IDLE_TIMEOUT",
    "comment": "MRiscoC Disable heaters after timeout"
  },
  {
    "op": "Custom",
    "searchfor": "HOTEND_IDLE_TIMEOUT_SEC",
    "mask": "\\([0-9,*]+\\)",
    "value": "(10*60)",
    "comment": "MRiscoC 10 minutes for heaters timeout"
  },
  {
    "op": "CustomVal",
    "searchfor": "HOTEND_IDLE_MIN_TRIGGER",
    "value": "(EXTRUDE_MINTEMP - 10)",
    "comment": "MRiscoC set idle trigger lower than default EXTRUDE_MINTEMP"
  },
  {
    "op": "CustomVal",
    "searchfor": "FAN_MIN_PWM",
    "value": "50",
    "comment": "Ender Configs"
  },
  {
    "op": "Enable",
    "searchfor": "QUICK_HOME",
    "comment": "Ender Configs"
  },
  {
    "op": "Enable",
    "searchfor": "ADAPTIVE_STEP_SMOOTHING"
  },
  {
    "op": "InsertAfter",
    "searchfor": "#if ENABLED\\(ENCODER_RATE_MULTIPLIER\\)",
    "newline": "  #define ENCODER_5X_STEPS_PER_SEC    30  // Ender Configs"
  },
  {
    "op": "CustomVal",
    "searchfor": "ENCODER_10X_STEPS_PER_SEC",
    "value": "80",
    "comment": "Ender Configs"
  },
  {
    "op": "CustomVal",
    "searchfor": "ENCODER_100X_STEPS_PER_SEC",
    "value": "130",
    "comment": "Ender Configs"
  },
  {
    "op": "CustomVal",
    "searchfor": "BOOTSCREEN_TIMEOUT",
    "value": "1100"
  },
  {
    "op": "Enable",
    "searchfor": "SOUND_MENU_ITEM",
    "comment": "MRiscoC Enable Sound Menu Item"
  },
  {
    "op": "Enable",
    "searchfor": "STATUS_MESSAGE_SCROLLING",
    "comment": "MRiscoC, Allows scrolling of large status messages"
  },
  {
    "op": "Enable",
    "searchfor": "SET_PROGRESS_MANUALLY",
    "comment": "MRiscoC, Allows display feedback of host printing through GCode M73"
  },
  {
    "op": "Enable",
    "searchfor": "SET_PROGRESS_PERCENT",
    "comment": "MRiscoC, Allows display feedback of host printing through GCode M73"
  },
  {
    "op": "Enable",
    "searchfor": "SET_REMAINING_TIME",
    "comment": "MRiscoC, Allows display feedback of host printing through GCode M73"
  },
  {
    "op": "Enable",
    "searchfor": "SHOW_REMAINING_TIME",
    "comment": "MRiscoC, Allows display remaining printing time"
  },
  {
    "op": "Disable",
    "searchfor": "SD_PROCEDURE_DEPTH",
    "comment": "MRiscoC save program memory"
  },
  {
    "op": "Enable",
    "searchfor": "POWER_LOSS_RECOVERY",
    "comment": "Ender Configs"
  },
  {
    "op": "Enable",
    "searchfor": "SDCARD_SORT_ALPHA",
    "comment": "Ender Configs"
  },
  {
    "op": "CustomVal",
    "searchfor": "SDSORT_LIMIT",
    "value": "50",
    "comment": "MRiscoC Increase number of sorted items"
  },
  {
    "op": "CustomVal",
    "searchfor": "SDSORT_GCODE",
    "value": "true",
    "comment": "MRiscoC Allows disable file sort by M34 g-code"
  },
  {
    "op": "CustomVal",
    "searchfor": "SDSORT_USES_RAM",
    "value": "true",
    "comment": "Ender Configs"
  },
  {
    "op": "CustomVal",
    "searchfor": "SDSORT_CACHE_NAMES",
    "value": "true",
    "comment": "Ender Configs"
  },
  {
    "op": "CustomVal",
    "searchfor": "SDSORT_DYNAMIC_RAM",
    "value": "true",
    "comment": "Ender Configs"
  },
  {
    "op": "Enable",
    "searchfor": "LONG_FILENAME_HOST_SUPPORT",
    "comment": "MRiscoC Enabled"
  },
  {
    "op": "Enable",
    "searchfor": "LONG_FILENAME_WRITE_SUPPORT",
    "comment": "MRiscoC Enabled"
  },
  {
    "op": "Enable",
    "searchfor": "SCROLL_LONG_FILENAMES",
    "comment": "MRiscoC Enabled"
  },
  {
    "op": "Enable",
    "searchfor": "BINARY_FILE_TRANSFER",
    "comment": "MRiscoC Enabled for easy firmware upgrade"
  },
  {
    "op": "Enable",
    "searchfor": "CUSTOM_FIRMWARE_UPLOAD",
    "comment": "MRiscoC Enabled for easy firmware upgrade"
  },
  {
    "op": "Enable",
    "searchfor": "NO_SD_HOST_DRIVE",
    "comment": "Ender Configs"
  },
  {
    "op": "Enable",
    "searchfor": "BABYSTEPPING",
    "comment": "Ender Configs"
  },
  {
    "op": "Enable",
    "searchfor": "BABYSTEP_WITHOUT_HOMING",
    "comment": "MRiscoC Enabled BbS without home"
  },
  {
    "op": "Enable",
    "searchfor": "BABYSTEP_ALWAYS_AVAILABLE",
    "comment": "MRiscoC Active BbS always"
  },
  {
    "op": "CustomVal",
    "searchfor": "BABYSTEP_MULTIPLICATOR_Z",
    "value": "40",
    "comment": "Ender Configs"
  },
  {
    "op": "Enable",
    "searchfor": "ARC_P_CIRCLES",
    "comment": "MRiscoC Enabled"
  },
  {
    "op": "CustomVal",
    "searchfor": "MIN_STEPS_PER_SEGMENT",
    "value": "4",
    "comment": "MRiscoC Increase little movements accuracy"
  },
  {
    "op": "CustomVal",
    "searchfor": "BUFSIZE",
    "value": "16",
    "comment": "MRiscoC Increase buffer for Octoprint"
  },
  {
    "op": "CustomVal",
    "searchfor": "TX_BUFFER_SIZE",
    "value": "64",
    "comment": "MRiscoC Increase buffer for Octoprint"
  },
  {
    "op": "Enable",
    "searchfor": "EMERGENCY_PARSER",
    "comment": "MRiscoC Enabled instantaneous response to emergency commands"
  },
  {
    "op": "Enable",
    "searchfor": "ADVANCED_OK",
    "comment": "MRiscoC better management of buffer by host"
  },
  {
    "op": "Enable",
    "searchfor": "FWRETRACT",
    "comment": "MRiscoC Enabled support for firmware based retract"
  },
  {
    "op": "Disable",
    "searchfor": "FWRETRACT_AUTORETRACT",
    "comment": "MRiscoC use slicer retract"
  },
  {
    "op": "CustomVal",
    "searchfor": "RETRACT_ZRAISE",
    "value": "0.2",
    "comment": "MRiscoC Bowden"
  },
  {
    "op": "Enable",
    "searchfor": "ADVANCED_PAUSE_FEATURE",
    "comment": "MRiscoC Enabled"
  },
  {
    "op": "CustomVal",
    "searchfor": "FILAMENT_CHANGE_UNLOAD_FEEDRATE",
    "value": "20",
    "comment": "MRiscoC Increased filament unload speed"
  },
  {
    "op": "CustomVal",
    "searchfor": "FILAMENT_CHANGE_FAST_LOAD_FEEDRATE",
    "value": "12",
    "comment": "MRiscoC Increased filament load speed"
  },
  {
    "op": "Enable",
    "searchfor": "PARK_HEAD_ON_PAUSE",
    "comment": "MRiscoC Enabled park head when pause command was issued"
  },
  {
    "op": "Enable",
    "searchfor": "FILAMENT_LOAD_UNLOAD_GCODES",
    "comment": "MRiscoC Enabled load/unload Filament G-codes"
  },
  {
    "op": "CustomVal",
    "searchfor": "PAUSE_PARK_NOZZLE_TIMEOUT",
    "value": "90"
  },
  {
    "op": "Enable",
    "searchfor": "NO_WORKSPACE_OFFSETS",
    "comment": "MRiscoC Save flash space and simplify movements"
  },
  {
    "op": "Enable",
    "searchfor": "NO_HOME_OFFSETS",
    "comment": "MRiscoC Save flash space and simplify movements"
  },
  {
    "op": "Enable",
    "searchfor": "EDGE_STEPPING",
    "comment": "Ender Configs"
  },
  {
    "op": "Enable",
    "searchfor": "M115_GEOMETRY_REPORT",
    "comment": "MRiscoC Enabled"
  },
  {
    "op": "Enable",
    "searchfor": "HOST_ACTION_COMMANDS",
    "comment": "MRiscoC Enabled actions from host"
  },
  {
    "op": "Enable",
    "searchfor": "HOST_PROMPT_SUPPORT",
    "comment": "MRiscoC Enabled responses from host"
  },
  {
    "op": "Enable",
    "searchfor": "CANCEL_OBJECTS",
    "comment": "MRiscoC Enabled M486 to skip objects"
  },
  {
    "op": "Disable",
    "searchfor": "THERMAL_PROTECTION_VARIANCE_MONITOR",
    "comment": "MRiscoC disabled because it gives false positives"
  },
  {
    "op": "Enable",
    "searchfor": "MESH_MIN_X"
  }, 
  {
    "op": "Enable",
    "searchfor": "MESH_MAX_X"
  }, 
  {
    "op": "Enable",
    "searchfor": "MESH_MIN_Y"
  }, 
  {
    "op": "Enable",
    "searchfor": "MESH_MAX_Y"
  },
  {
    "op": "CustomVal",
    "searchfor": "STATUS_MESSAGE_TIMEOUT_SEC",
    "value": "90",
    "comment": "MRiscoC Enable Status Message Timeout"
  },
  {
    "op": "CustomVal",
    "searchfor": "LCD_BACKLIGHT_TIMEOUT_MINS",
    "value": "5"
  },
  {
    "op": "CustomVal",
    "searchfor": "PREHEAT_TIME_HOTEND_MS",
    "value": "7500"
  }
],
"Version.h" : [
  {
    "op": "Custom",
    "searchfor": "SHORT_BUILD_VERSION",
    "mask" : "\".*\"",
    "value": "\"2.1.3 MRiscoC\""
  },
  {
    "op": "InsertAfter",
    "searchfor": "#define STRING_DISTRIBUTION_DATE",
    "newline": "\n#define STRING_DISTRIBUTION_DATE __DATE__\n#define STRING_DISTRIBUTION_TIME __TIME__"
  },
  {
    "op": "Custom",
    "searchfor": "SOURCE_CODE_URL",
    "mask": "\".*\"",
    "value": "\"github.com/mriscoc/Ender3V2S1\""
  },
  {
    "op": "Custom",
    "searchfor": "WEBSITE_URL",
    "mask": "\".*\"",
    "value": "\"github.com/mriscoc/Ender3V2S1/wiki\""
  }
]   
}