{
"Configuration.h" : [
  {
    "op": "CustomVal",
    "searchfor": "INVERT_X_DIR",
    "value":"false"
  },
  {
    "op": "CustomVal",
    "searchfor": "INVERT_Y_DIR",
    "value":"false"
  },
  {
    "op": "CustomVal",
    "searchfor": "INVERT_Z_DIR",
    "value":"true"
  },
  {
    "op": "CustomVal",
    "searchfor": "TEMP_SENSOR_BED",
    "value": "1"
  },
  {
    "op": "CustomVal",
    "searchfor": "HEATER_0_MINTEMP",
    "value": "0"
  },
  {
    "op": "CustomVal",
    "searchfor": "BED_MINTEMP",
    "value": "0"
  },
  {
    "op": "CustomVal",
    "searchfor": "BED_MAXTEMP",
    "value": "120"
  },
  {
    "op": "CustomVal",
    "searchfor": "DEFAULT_Kp",
    "value": "28.72"
  },
  {
    "op": "CustomVal",
    "searchfor": "DEFAULT_Ki",
    "value": "2.62"
  },
  {
    "op": "CustomVal",
    "searchfor": "DEFAULT_Kd",
    "value": " 78.81"
  },
  {
    "op": "CustomVal",
    "searchfor": "DEFAULT_bedKp",
    "value": "112.83"
  },
  {
    "op": "CustomVal",
    "searchfor": "DEFAULT_bedKi",
    "value": " 21.05"
  },
  {
    "op": "CustomVal",
    "searchfor": "DEFAULT_bedKd",
    "value": "403.18"
  },
  {
    "op": "Custom",
    "searchfor": "DEFAULT_AXIS_STEPS_PER_UNIT",
    "mask": "{.*}",
    "value":"{ 80, 80, 400, 93 }"
  },
  {
    "op": "CustomVal",
    "searchfor": "DEFAULT_XJERK",
    "value": "8.0"
  },  
  {
    "op": "CustomVal",
    "searchfor": "DEFAULT_YJERK",
    "value": "8.0"
  },  
  {
    "op": "CustomVal",
    "searchfor": "DEFAULT_ZJERK",
    "value": "0.3"
  },  
  {
    "op": "CustomVal",
    "searchfor": "DEFAULT_EJERK",
    "value": "5.0"
  },  
  {
    "op": "Custom",
    "searchfor": "NOZZLE_TO_PROBE_OFFSET",
    "mask": "{.*}",
    "value":"{ -39, -9.3, 0 }"
  },
  {
    "op": "CustomVal",
    "searchfor": "X_BED_SIZE",
    "value": "230",
    "comment": "Max usable bed size"
  },
  {
    "op": "CustomVal",
    "searchfor": "Y_BED_SIZE",
    "value": "230",
    "comment": "Max usable bed size"
  },
  {
    "op": "CustomVal",
    "searchfor": "X_MIN_POS",
    "value": "-5",
    "comment": "Stock physical limit"
  },
  {
    "op": "CustomVal",
    "searchfor": "Y_MIN_POS",
    "value": "3",
    "comment": "Stock physical limit"
  },
  {
    "op": "CustomVal",
    "searchfor": "X_MAX_POS",
    "value": "241",
    "comment": "Stock physical limit"
  },
  {
    "op": "CustomVal",
    "searchfor": "Y_MAX_POS",
    "value": "234",
    "comment": "Stock physical limit"
  },
  {
    "op": "CustomVal",
    "searchfor": "Z_MAX_POS",
    "value": "250"
  },
  {
    "op": "CustomVal",
    "searchfor": "FILAMENT_RUNOUT_DISTANCE_MM",
    "value": "25",
    "comment": "Customizable by menu"
  },
  {
    "op": "CustomVal",
    "searchfor": "MESH_INSET",
    "value": "30",
    "comment": "Center mesh"
  },
  {
    "op": "Custom",
    "searchfor": "NOZZLE_PARK_POINT",
    "mask": "{.*}",
    "value":"{ (X_MAX_POS - 1), (Y_MAX_POS - 1), 20 }"
  },
  {
    "op": "Custom",
    "searchfor": "DEFAULT_MAX_FEEDRATE",
    "mask": "{.*}",
    "value":"{ 500, 500, 20, 50 }"
  }
],
"Configuration_adv.h" : [
  {
    "op": "Custom",
    "searchfor": "TRAMMING_POINT_XY",
    "mask": "{.*}",
    "value":"{ { 30, 30 }, { 200, 30 }, { 200, 200 }, { 30, 200 } }"
  },
  {
    "op": "CustomVal",
    "searchfor": "TRAMMING_SCREW_THREAD",
    "value": "40"
  },
  {
    "op": "CustomVal",
    "searchfor": "RETRACT_LENGTH",
    "value": "5",
    "comment": "Bowden"
  },
  {
    "op": "CustomVal",
    "searchfor": "RETRACT_FEEDRATE",
    "value": "13"
  },
  {
    "op": "CustomVal",
    "searchfor": "RETRACT_RECOVER_FEEDRATE",
    "value": "13"
  }
],
"Version.h" : [
  {
    "op": "Custom",
    "searchfor": "MACHINE_NAME",
    "mask": "\".+\"",
    "value": "\"Ender 3V2 Neo\""
  }
]   
}