{
"Configuration.h" : [
  {
    "op": "CustomVal",
    "searchfor": "INVERT_X_DIR",
    "value":"false"
  },
  {
    "op": "CustomVal",
    "searchfor": "INVERT_Y_DIR",
    "value":"false"
  },
  {
    "op": "CustomVal",
    "searchfor": "INVERT_Z_DIR",
    "value":"true"
  },
  {
    "op": "CustomVal",
    "searchfor": "TEMP_SENSOR_BED",
    "value": "1",
    "comment": "Ender Configs"
  },
  {
    "op": "CustomVal",
    "searchfor": "HEATER_0_MINTEMP",
    "value": "5",
    "comment": "Ender Configs"
  },
  {
    "op": "CustomVal",
    "searchfor": "BED_MINTEMP",
    "value": "5",
    "comment": "Ender Configs"
  },
  {
    "op": "CustomVal",
    "searchfor": "BED_MAXTEMP",
    "value": "90",
    "comment": "Ender2Pro Configs"
  },
  {
    "op": "CustomVal",
    "searchfor": "DEFAULT_Kp",
    "value": "10.30"
  },
  {
    "op": "CustomVal",
    "searchfor": "DEFAULT_Ki",
    "value": "0.53"
  },
  {
    "op": "CustomVal",
    "searchfor": "DEFAULT_Kd",
    "value": " 49.80"
  },
  {
    "op": "CustomVal",
    "searchfor": "DEFAULT_bedKp",
    "value": " 96.72"
  },
  {
    "op": "CustomVal",
    "searchfor": "DEFAULT_bedKi",
    "value": " 16.17"
  },
  {
    "op": "CustomVal",
    "searchfor": "DEFAULT_bedKd",
    "value": "385.83"
  },
  {
    "op": "Custom",
    "searchfor": "DEFAULT_AXIS_STEPS_PER_UNIT",
    "mask": "{.*}",
    "value":"{ 80, 80, 400, 92.60 }",
    "comment": "Ender Configs"
  },
  {
    "op": "CustomVal",
    "searchfor": "DEFAULT_XJERK",
    "value": "6.0",
    "comment": "Ender Configs"
  },  
  {
    "op": "CustomVal",
    "searchfor": "DEFAULT_YJERK",
    "value": "6.0",
    "comment": "Ender Configs"
  },  
  {
    "op": "CustomVal",
    "searchfor": "DEFAULT_ZJERK",
    "value": "0.4",
    "comment": "Ender Configs"
  },  
  {
    "op": "CustomVal",
    "searchfor": "DEFAULT_EJERK",
    "value": "5.0",
    "comment": "Ender Configs"
  },  
  {
    "op": "CustomVal",
    "searchfor": "X_BED_SIZE",
    "value": "165"
  },
  {
    "op": "CustomVal",
    "searchfor": "Y_BED_SIZE",
    "value": "165"
  },
  {
    "op": "CustomVal",
    "searchfor": "X_MIN_POS",
    "value": "-18"
  },
  {
    "op": "CustomVal",
    "searchfor": "Y_MIN_POS",
    "value": "-2"
  },
  {
    "op": "CustomVal",
    "searchfor": "X_MAX_POS",
    "value": "165"
  },
  {
    "op": "CustomVal",
    "searchfor": "Y_MAX_POS",
    "value": "165"
  },
  {
    "op": "CustomVal",
    "searchfor": "Z_MAX_POS",
    "value": "180"
  },
  {
    "op": "Custom",
    "searchfor": "NOZZLE_PARK_POINT",
    "mask": "{.*}",
    "value":"{ (X_MIN_POS + 10), (Y_MAX_POS - 10), 20 }"
  }
],
"Configuration_adv.h" : [
  {
    "op": "CustomVal",
    "searchfor": "RETRACT_LENGTH",
    "value": "5",
    "comment": "MRiscoC Bowden"
  },
  {
    "op": "CustomVal",
    "searchfor": "RETRACT_FEEDRATE",
    "value": "40",
    "comment": "MRiscoC Bowden"
  },
  {
    "op": "CustomVal",
    "searchfor": "RETRACT_RECOVER_FEEDRATE",
    "value": "40",
    "comment": "MRiscoC Bowden"
  }
],
"Version.h" : [
  {
    "op": "Custom",
    "searchfor": "MACHINE_NAME",
    "mask": "\".+\"",
    "value": "\"Ender 2Pro\""
  }
]   
}