{
"Configuration.h" : [
  {
    "op": "CustomVal",
    "searchfor": "Z_MIN_PROBE_ENDSTOP_HIT_STATE",
    "value": "LOW",
    "comment": "Default is HIGH, needs to be LOW for a BQMPv2"
  },
  {
    "op": "CustomVal",
    "searchfor": "Z_MIN_ENDSTOP_HIT_STATE",
    "value": "LOW",
    "comment": "Default is HIGH, needs to be LOW for a BQMPv2"
  },
  {
    "op": "Enable",
    "searchfor": "Z_MIN_PROBE_USES_Z_MIN_ENDSTOP_PIN",
    "comment": "Manual of the BqMPv2 recomends to connect the output to the Z_STOP_PIN pin"
  },
  {
    "op": "Enable",
    "searchfor": "FIX_MOUNTED_PROBE",
    "comment": "Usually disabled for BLTOUCH, needs to be enabled for BQMPv2"
  },
  {
    "op": "Enable",
    "searchfor": "PROBE_ENABLE_DISABLE",
    "comment": "Needs to be enabled for the BQMPv2"
  },
  {
    "op": "Enable",
    "searchfor": "PROBE_ENABLE_PIN"
  },
  {
    "op": "CustomVal",
    "searchfor": "PROBE_ENABLE_PIN",
    "value": "SERVO0_PIN",
    "comment": "BQMPv2 uses the default BLT port to deploy."
  },
  {
    "op": "CustomVal",
    "searchfor": "Z_CLEARANCE_DEPLOY_PROBE",
    "value": "5",
    "comment": "MRiscoC Increase speed"
  },
  {
    "op": "CustomVal",
    "searchfor": "Z_CLEARANCE_BETWEEN_PROBES",
    "value": "5",
    "comment": "MRiscoC Increase probe compatibility"
  },
  {
    "op": "CustomVal",
    "searchfor": "Z_CLEARANCE_MULTI_PROBE",
    "value": "5",
    "comment": "MRiscoC Increase speed"
  },
  {
    "op": "CustomVal",
    "searchfor": "Z_PROBE_LOW_POINT",
    "value": "-3",
    "comment": "MRiscoC allows reach lower points"
  },
  {
    "op": "Enable",
    "searchfor": "Z_MIN_PROBE_REPEATABILITY_TEST",
    "comment": "MRiscoC Enable M48 repeatability test"
  },
  {
    "op": "Enable",
    "searchfor": "PROBING_FANS_OFF",
    "comment": "MRiscoC Turn fans off for avoid vibrations and interference"
  },
  {
    "op": "CustomVal",
    "searchfor": "DELAY_BEFORE_PROBING",
    "value": "200",
    "comment": "MRiscoC Wait for stability"
  },
  {
    "op": "Enable",
    "searchfor": "AUTO_BED_LEVELING_BILINEAR",
    "comment": "MRiscoC BLTouch auto level"
  },
  {
    "op": "CustomVal",
    "searchfor": "LEVELING_NOZZLE_TEMP",
    "value": "  0",
    "comment": "MRiscoC No necessary for Microprobe"
  },
  {
    "op": "Enable",
    "searchfor": "Z_SAFE_HOMING",
    "comment": "MRiscoC Homing Z at center of bed"
  },
  {
    "op": "Disable",
    "searchfor": "BED_TRAMMING_INSET_LFRB",
    "comment": "ProUI use mesh insets for bed tramming"
  },
  {
    "op": "Enable",
    "searchfor": "BED_TRAMMING_USE_PROBE",
    "comment": "Use a probe if it is available"
  },
  {
    "op": "CustomVal",
    "searchfor": "BED_TRAMMING_PROBE_TOLERANCE",
    "value":"0.05",
    "comment": "ProUI bed tramming wizard tolerance"
  }
],
"Configuration_adv.h" : [
  {
    "op": "Enable",
    "searchfor": "BLTOUCH_HS_MODE"
  },
  {
    "op": "CustomVal",
    "searchfor": "BLTOUCH_HS_EXTRA_CLEARANCE",
    "value": "0"
  },
  {
    "op": "Enable",
    "searchfor": "BABYSTEP_ZPROBE_OFFSET"
  },
  {
    "op": "Enable",
    "searchfor": "G29_RETRY_AND_RECOVER"
  }
],
"Version.h" : [
]   
}