{
"Configuration.h" : [
  {
    "op": "Enable",
    "searchfor": "Z_MIN_PROBE_USES_Z_MIN_ENDSTOP_PIN",
    "comment": "Probe connected to Z min endstop port"
  },
  {
    "op": "Enable",
    "searchfor": "USE_PROBE_FOR_Z_HOMING"
  },
  {
    "op": "Enable",
    "searchfor": "FIX_MOUNTED_PROBE",
    "comment": "MRiscoC EZABL from TH3DStudio"
  },
  {
    "op": "CustomVal",
    "searchfor": "Z_CLEARANCE_DEPLOY_PROBE",
    "value": "3",
    "comment": "MRiscoC EZABL from TH3DStudio"
  },
  {
    "op": "CustomVal",
    "searchfor": "Z_CLEARANCE_BETWEEN_PROBES",
    "value": "2",
    "comment": "MRiscoC EZABL from TH3DStudio"
  },
  {
    "op": "CustomVal",
    "searchfor": "Z_CLEARANCE_MULTI_PROBE",
    "value": "2",
    "comment": "EZABL from TH3DStudio"
  },
  {
    "op": "CustomVal",
    "searchfor": "Z_PROBE_LOW_POINT",
    "value": "-2",
    "comment": "MRiscoC EZABL from TH3DStudio"
  },
  {
    "op": "Enable",
    "searchfor": "Z_MIN_PROBE_REPEATABILITY_TEST",
    "comment": "MRiscoC Enable M48 repeatability test"
  },
  {
    "op": "Enable",
    "searchfor": "PROBING_FANS_OFF",
    "comment": "MRiscoC Turn fans off for avoid vibrations and interference"
  },
  {
    "op": "CustomVal",
    "searchfor": "DELAY_BEFORE_PROBING",
    "value": "200",
    "comment": "MRiscoC Wait for stability"
  },
  {
    "op": "Enable",
    "searchfor": "AUTO_BED_LEVELING_BILINEAR",
    "comment": "MRiscoC EZABL auto level"
  },
  {
    "op": "CustomVal",
    "searchfor": "LEVELING_NOZZLE_TEMP",
    "value": "  0",
    "comment": "MRiscoC No necessary for EZABL"
  },
  {
    "op": "Enable",
    "searchfor": "Z_SAFE_HOMING",
    "comment": "MRiscoC Homing Z at center of bed"
  },
  {
    "op": "Enable",
    "searchfor": "Z_CLEARANCE_FOR_HOMING"
  },
  {
    "op": "Enable",
    "searchfor": "Z_AFTER_HOMING"
  },
  {
    "op": "CustomVal",
    "searchfor": "Z_MIN_ENDSTOP_HIT_STATE",
    "value":"HIGH"
  },
  {
    "op": "CustomVal",
    "searchfor": "Z_MIN_PROBE_ENDSTOP_HIT_STATE",
    "value":"HIGH"
  },
  {
    "op": "Disable",
    "searchfor": "BED_TRAMMING_INSET_LFRB",
    "comment": "ProUI use mesh insets for bed tramming"
  },
  {
    "op": "Enable",
    "searchfor": "BED_TRAMMING_USE_PROBE",
    "comment": "Use a probe if it is available"
  },
  {
    "op": "CustomVal",
    "searchfor": "BED_TRAMMING_PROBE_TOLERANCE",
    "value":"0.05",
    "comment": "ProUI bed tramming wizard tolerance"
  }
],
"Configuration_adv.h" : [
  {
    "op": "Enable",
    "searchfor": "BABYSTEP_ZPROBE_OFFSET"
  },
  {
    "op": "Enable",
    "searchfor": "G29_RETRY_AND_RECOVER"
  }
],
"Version.h" : [
]   
}