{
"Configuration.h" : [
  {
    "op": "Enable",
    "searchfor": "NEOPIXEL_LED"
  },
  {
    "op": "CustomVal",
    "searchfor": "NEOPIXEL_TYPE",
    "value": "NEO_GRB"
  },
  {
    "op": "CustomVal",
    "searchfor": "NEOPIXEL_PIXELS",
    "value": "15"
  },
  {
    "op": "Enable",
    "searchfor": "NEOPIXEL_STARTUP_TEST"
  }
],
"Configuration_adv.h" : [
  {
    "op": "Enable",
    "searchfor": "LED_CONTROL_MENU",
    "comment" : "For use with NeoPixel"
  },
  {
    "op": "Enable",
    "searchfor": "CASE_LIGHT_MENU",
    "comment" : "For use with NeoPixel"
  },
  {
    "op": "Enable",
    "searchfor": "CASE_LIGHT_ENABLE",
    "comment" : "For use with NeoPixel"
  },
  {
    "op": "Enable",
    "searchfor": "CASE_LIGHT_USE_NEOPIXEL",
    "comment" : "For use with NeoPixel"
  }
],
"Version.h" : [
]   
}